{
  "project_info": {
    "project_number": "306635274202",
    "project_id": "chatapp-43d2b",
    "storage_bucket": "chatapp-43d2b.firebasestorage.app"
  },
  "client": [
    {
      "client_info": {
        "mobilesdk_app_id": "1:306635274202:android:3b14f5f0a861f2991ab2e3",
        "android_client_info": {
          "package_name": "com.example.chatting"
        }
      },
      "oauth_client": [],
      "api_key": [
        {
          "current_key": "AIzaSyDhKHyYKbO5CbzW0ei_OiLxNtGiXVP8bXo"
        }
      ],
      "services": {
        "appinvite_service": {
          "other_platform_oauth_client": []
        }
      }
    }
  ],
  "configuration_version": "1"
}